code,state
AAF,FL
ABE,PA
ABI,TX
ABL,AK
ABQ,NM
ABR,SD
ABY,GA
ACB,MI
ACK,MA
ACT,TX
ACV,CA
ACY,NJ
ADG,MI
ADK,AK
ADM,OK
ADQ,AK
ADR,SC
ADS,TX
ADT,OK
ADW,MD
AEL,MN
AET,AK
AEX,LA
AFF,CO
AFN,NH
AFO,WY
AFW,TX
AGC,PA
AGN,AK
AGO,AR
AGS,GA
AHC,CA
AHD,OK
AHF,NE
AHH,WI
AHM,OR
AHN,GA
AIA,NE
AID,IN
AIK,SC
AIN,AK
AIO,IA
AIV,AL
AIZ,MO
AKB,AK
AKC,OH
AKI,AK
AKK,AK
AKN,AK
AKO,CO
AKP,AK
ALB,NY
ALE,TX
ALI,TX
ALM,NM
ALN,IL
ALO,IA
ALS,CO
ALW,WA
ALX,AL
ALZ,AK
AMA,TX
AMK,CO
AMN,MI
AMW,IA
ANB,AL
ANC,AK
AND,SC
ANI,AK
ANN,AK
ANP,MD
ANQ,IN
ANV,AK
ANW,NE
ANY,KS
AOH,OH
AOO,PA
AOS,AK
APA,CO
APC,CA
APF,FL
APG,MD
APH,VA
APN,MI
APT,TN
APV,CA
AQY,AK
ARA,LA
ARB,MI
ARC,AK
ARG,AR
ART,NY
ARV,WI
ASE,CO
ASH,NH
ASL,TX
ASN,AL
ASQ,NV
AST,OR
ASX,WI
ASY,ND
ATE,OK
ATK,AK
ATL,GA
ATO,OH
ATS,NM
ATT,AK
ATU,AK
ATW,WI
ATY,SD
AUG,ME
AUK,AK
AUM,MN
AUN,CA
AUO,AL
AUS,TX
AUW,WI
AUZ,IL
AVL,NC
AVO,FL
AVP,PA
AVW,AZ
AVX,CA
AWM,AR
AXB,NY
AXG,IA
AXN,MN
AXS,OK
AXV,OH
AXX,NM
AYS,GA
AZA,AZ
AZO,MI
BAB,CA
BAD,LA
BAF,MA
BAM,NV
BBB,MN
BBC,TX
BBD,TX
BBW,NE
BBX,PA
BCB,VA
BCC,AK
BCE,UT
BCS,LA
BCT,FL
BDE,MN
BDF,IL
BDG,UT
BDL,CT
BDR,CT
BDX,MT
BDY,OR
BEC,KS
BED,MA
BEH,MI
BET,AK
BFD,PA
BFF,NE
BFG,UT
BFI,WA
BFK,CO
BFL,CA
BFM,AL
BFP,PA
BFR,IN
BFT,SC
BGD,TX
BGE,GA
BGM,NY
BGQ,AK
BGR,ME
BGT,AZ
BHB,ME
BHM,AL
BID,RI
BIE,NE
BIF,TX
BIG,AK
BIH,CA
BIL,MT
BIS,ND
BIX,MS
BJC,CO
BJI,MN
BJJ,OH
BKC,AK
BKD,TX
BKE,OR
BKF,AK
BKG,MO
BKH,HI
BKL,OH
BKT,VA
BKW,WV
BKX,SD
BLD,NV
BLF,WV
BLH,CA
BLI,WA
BLM,NJ
BLU,CA
BLV,IL
BMC,UT
BMG,IN
BMI,IL
BML,NH
BMT,TX
BMX,AK
BNA,TN
BNF,AK
BNG,CA
BNH,MA
BNL,SC
BNO,OR
BNW,IA
BOI,ID
BOK,OR
BOS,MA
BOW,FL
BPI,WY
BPT,TX
BQK,GA
BQV,AK
BRD,MN
BRL,IA
BRO,TX
BRW,AK
BRY,KY
BSF,HI
BSQ,AZ
BSW,AK
BTF,UT
BTI,AK
BTL,MI
BTM,MT
BTN,SC
BTP,PA
BTR,LA
BTT,AK
BTV,VT
BTY,NV
BUB,NE
BUF,NY
BUM,MO
BUR,CA
BVO,OK
BVU,AK
BVX,AR
BVY,MA
BWC,CA
BWD,TX
BWG,KY
BWI,MD
BWL,OK
BWM,ND
BXA,LA
BXK,AZ
BXS,CA
BYA,AK
BYG,WY
BYH,AR
BYI,ID
BYS,CA
BYW,WA
BZF,CA
BZN,MT
BZT,TX
CAD,MI
CAE,SC
CAK,OH
CAO,NM
CAR,ME
CBE,WV
CBF,IA
CBK,KS
CBM,MS
CCB,CA
CCD,CA
CCG,TX
CCR,CA
CCY,IA
CDB,AK
CDC,UT
CDH,AR
CDK,FL
CDL,AK
CDN,SC
CDR,NE
CDS,TX
CDV,AK
CDW,NJ
CEA,KS
CEC,CA
CEF,MA
CEM,AK
CEU,SC
CEV,IN
CEW,FL
CEX,AK
CEY,KY
CEZ,CO
CFD,TX
CFT,AZ
CFV,KS
CGA,AK
CGE,MD
CGF,OH
CGI,MO
CGS,MD
CGZ,AZ
CHA,TN
CHK,OK
CHL,ID
CHO,VA
CHP,AK
CHS,SC
CHU,AK
CHZ,OR
CIC,CA
CID,IA
CIG,CO
CIK,AK
CIL,AK
CIN,IA
CIR,IL
CIU,MI
CKA,OK
CKB,WV
CKD,AK
CKE,CA
CKK,AR
CKM,MS
CKN,MN
CKR,WA
CKU,AK
CKV,TN
CKX,AK
CLD,CA
CLE,OH
CLG,CA
CLI,WI
CLK,OK
CLL,TX
CLM,WA
CLP,AK
CLR,CA
CLS,WA
CLT,NC
CLU,IN
CLW,FL
CMH,OH
CMI,IL
CMX,MI
CMY,WI
CNE,CO
CNH,NH
CNK,KS
CNM,NM
CNO,CA
CNU,KS
CNW,TX
CNY,UT
COA,CA
COD,WY
COE,ID
COF,FL
COI,FL
COM,TX
CON,NH
COP,NY
COS,CO
COT,TX
COU,MO
CPM,CA
CPR,WY
CPS,IL
CRE,SC
CRG,FL
CRO,CA
CRP,TX
CRS,TX
CRT,AR
CRW,WV
CRX,MS
CSE,CO
CSG,GA
CSM,OK
CSN,NV
CSQ,IA
CSV,TN
CTB,MT
CTH,PA
CTK,SD
CTO,NY
CTW,AZ
CTX,NY
CTY,FL
CTZ,NC
CUB,SC
CUH,OK
CUS,NM
CVG,KY
CVN,NM
CVO,OR
CVS,NM
CWA,WI
CWF,LA
CWI,IA
CWS,WA
CWX,AZ
CXC,AK
CXF,AK
CXL,CA
CXO,TX
CYF,AK
CYM,AK
CYS,WY
CYT,AK
CZC,AK
CZF,AK
CZK,OR
CZN,AK
CZO,AK
CZP,AK
CZT,TX
DAA,VA
DAB,FL
DAG,CA
DAL,TX
DAN,VA
DAY,OH
DBN,GA
DBQ,IA
DBS,ID
DCA,DC
DCK,AK
DCU,AL
DDC,KS
DEC,IL
DEH,IA
DEN,CO
DET,MI
DFI,OH
DFW,TX
DGL,AZ
DGN,VA
DGW,WY
DHB,WA
DHN,AL
DHT,TX
DIK,ND
DIO,AK
DJN,AK
DJT,FL
DKK,NY
DLF,TX
DLG,AK
DLH,MN
DLL,SC
DLN,MT
DLS,OR
DMA,AZ
DMN,NM
DMO,MO
DNL,GA
DNN,GA
DNS,IA
DNV,IL
DOV,DE
DPA,IL
DPG,UT
DRA,NV
DRE,MI
DRF,AK
DRG,AK
DRI,LA
DRO,CO
DRT,TX
DRU,MT
DSI,FL
DSM,IA
DSV,NY
DTA,UT
DTH,CA
DTL,MN
DTN,LA
DTR,WA
DTW,MI
DTX,TX
DUA,OK
DUC,OK
DUF,NC
DUG,AZ
DUJ,PA
DUT,AK
DVL,ND
DVN,IA
DVT,AZ
DWH,TX
DXE,MS
DXR,CT
DYL,PA
DYS,TX
EAA,AK
EAN,WY
EAR,NE
EAT,WA
EAU,WI
EBS,IA
ECA,MI
ECG,NC
ECP,FL
ECS,WY
EDA,AK
EDE,NC
EDF,AK
EDK,KS
EDW,CA
EED,CA
EEK,AK
EEN,NH
EFD,TX
EFK,VT
EFW,IA
EGE,CO
EGI,FL
EGP,TX
EGV,WI
EGX,AK
EHM,AK
EIL,AK
EKA,CA
EKI,IN
EKN,WV
EKO,NV
EKX,KY
ELA,TX
ELD,AR
ELI,AK
ELK,OK
ELM,NY
ELN,WA
ELP,TX
ELV,AK
ELW,AK
ELY,NV
ELZ,NY
EMK,AK
EMM,WY
EMP,KS
EMT,CA
ENA,AK
END,OK
ENL,IL
ENN,AK
ENV,UT
ENW,WI
EOK,IA
EOS,MO
EPG,NE
EPH,WA
ERI,PA
ERR,NH
ERV,TX
ESC,MI
ESD,WA
ESF,LA
ESN,MD
ESO,NM
EST,IA
ESW,WA
ETB,WI
ETN,TX
ETS,AL
EUE,NV
EUF,AL
EUG,OR
EVM,MN
EVV,IN
EVW,WY
EWB,MA
EWK,KS
EWN,NC
EWR,NJ
EXI,AK
EYR,NV
EYW,FL
FAF,VA
FAI,AK
FAK,AK
FAM,MO
FAR,ND
FAT,CA
FAY,NC
FBG,NC
FBK,AK
FBL,MN
FBR,WY
FBS,WA
FBY,NE
FCA,MT
FCH,CA
FCM,MN
FCS,CO
FCY,AR
FDK,MD
FDR,OK
FDY,OH
FEP,IL
FET,NE
FFA,NC
FFL,IA
FFM,MN
FFO,OH
FFT,KY
FHU,AZ
FID,NY
FIL,UT
FKL,PA
FKN,VA
FLD,WI
FLG,AZ
FLL,FL
FLO,SC
FLP,AR
FLT,AK
FLV,KS
FLX,NV
FME,MD
FMH,MA
FMN,NM
FMS,IA
FMU,OR
FMY,FL
FNL,CO
FNR,AK
FNT,MI
FOB,CA
FOD,IA
FOE,KS
FOK,NY
FPR,FL
FPY,FL
FRD,WA
FRG,NY
FRH,IN
FRI,KS
FRM,MN
FRN,AK
FRR,VA
FRY,ME
FSD,SD
FSI,OK
FSK,KS
FSM,AR
FST,TX
FSU,NM
FTK,KY
FTW,TX
FTY,GA
FUL,CA
FWA,IN
FWH,TX
FWL,AK
FXE,FL
FXY,IA
FYM,TN
FYU,AK
FYV,AR
GAB,NV
GAD,AL
GAG,OK
GAI,MD
GAL,AK
GAM,AK
GBD,KS
GBG,IL
GBH,AK
GBR,MA
GCC,WY
GCD,WA
GCK,KS
GCN,AZ
GCT,AZ
GCW,AZ
GCY,TN
GDC,SC
GDH,AK
GDM,MA
GDV,MT
GDW,MI
GED,DE
GEG,WA
GEY,WY
GFA,MT
GFD,IN
GFK,ND
GFL,NY
GGE,SC
GGG,TX
GGW,MT
GHM,TN
GIF,FL
GJT,CO
GKN,AK
GKT,TN
GLB,AZ
GLD,KS
GLE,TX
GLH,MS
GLR,MI
GLS,TX
GLV,AK
GLW,KY
GMT,AK
GMU,SC
GMV,UT
GNF,CA
GNG,ID
GNT,NM
GNU,AK
GNV,FL
GOK,OK
GOL,OR
GON,CT
GPT,MS
GPZ,MN
GQQ,OH
GRB,WI
GRD,SC
GRE,IL
GRF,WA
GRI,NE
GRK,TX
GRM,MN
GRN,NE
GRR,MI
GSB,NC
GSH,IN
GSO,NC
GSP,SC
GST,AK
GTF,MT
GTG,WI
GTP,OR
GTR,MS
GTY,PA
GUC,CO
GUF,AL
GUP,NM
GUS,IN
GUY,OK
GVE,VA
GVL,GA
GVT,TX
GWO,MS
GWS,CO
GWV,WV
GXY,CO
GYR,AZ
GYY,IN
HAB,AL
HAE,AZ
HAF,CA
HAI,MI
HAO,OH
HAR,PA
HBB,NM
HBG,MS
HBH,AK
HBK,AZ
HBR,OK
HCA,TX
HCC,NY
HCR,AK
HCW,SC
HDE,NE
HDH,HI
HDN,CO
HED,AK
HEE,AR
HES,OR
HEY,AL
HEZ,MS
HFD,CT
HFF,NC
HGR,MD
HGT,CA
HGZ,AK
HHH,SC
HHI,HI
HHR,CA
HIB,MN
HIE,NH
HIF,UT
HII,AZ
HIO,OR
HKA,AR
HKB,AK
HKS,MS
HKY,NC
HLB,IN
HLC,KS
HLG,WV
HLI,CA
HLM,MI
HLN,MT
HLR,TX
HMN,NM
HMT,CA
HNB,IN
HNC,NC
HNH,AK
HNL,HI
HNM,HI
HNS,AK
HOB,NM
HOM,AK
HON,SD
HOP,KY
HOT,AR
HOU,TX
HPB,AK
HPN,NY
HPT,IA
HPV,HI
HPY,TX
HQM,WA
HRL,TX
HRO,AR
HSB,IL
HSH,NV
HSI,NE
HSL,AK
HSP,VA
HST,FL
HSV,AL
HTH,NV
HTL,MI
HTO,NY
HTS,WV
HTV,TX
HTW,OH
HUA,AL
HUD,IA
HUF,IN
HUJ,OK
HUL,ME
HUM,LA
HUS,AK
HUT,KS
HVE,UT
HVN,CT
HVR,MT
HVS,SC
HWD,CA
HWI,AK
HWO,FL
HYA,MA
HYG,AK
HYL,AK
HYR,WI
HYS,KS
HZL,PA
IAB,KS
IAD,VA
IAG,NY
IAH,TX
IAN,AK
ICL,IA
ICS,ID
ICT,KS
ICY,AK
IDA,ID
IDG,IA
IDH,ID
IDI,PA
IDP,KS
IFA,IA
IFP,AZ
IGG,AK
IGM,AZ
IJX,IL
IKB,NC
IKK,IL
IKO,AK
ILE,TX
ILG,DE
ILI,AK
ILL,MN
ILM,NC
ILN,OH
IML,NE
IMM,FL
IMT,MI
IND,IN
INK,TX
INL,MN
INS,NV
INT,NC
INW,AZ
IOW,IA
IPL,CA
IPT,PA
IRB,TX
IRC,AK
IRK,MO
IRS,MI
ISM,FL
ISO,NC
ISP,NY
ISQ,MI
ISS,ME
ISW,WI
ITH,NY
ITO,HI
IUA,NY
IWD,MI
IWS,TX
IYK,CA
JAC,WY
JAN,MS
JAS,TX
JAX,FL
JBR,AR
JBT,AK
JCI,KS
JCT,TX
JCY,TX
JDA,OR
JDN,MT
JEF,MO
JFK,NY
JFN,OH
JHM,HI
JHW,NY
JID,CA
JKV,TX
JLA,AK
JLN,MO
JMS,ND
JNU,AK
JOT,IL
JPN,VA
JRA,NY
JRB,NY
JRF,HI
JST,PA
JVI,NJ
JVL,WI
JXN,MI
KAE,AK
KAL,AK
KBC,AK
KBE,AK
KBW,AK
KCC,AK
KCG,AK
KCL,AK
KCN,AK
KCQ,AK
KCR,AK
KDK,AK
KEB,AK
KEH,WA
KEK,AK
KFP,AK
KGK,AK
KGX,AK
KGZ,AK
KIB,AK
KIC,CA
KIP,TX
KKA,AK
KKB,AK
KKH,AK
KKI,AK
KKK,AK
KKL,AK
KKT,IN
KKU,AK
KLG,AK
KLL,AK
KLN,AK
KLS,WA
KLW,AK
KMO,AK
KMY,AK
KNB,UT
KNK,AK
KNT,MO
KNW,AK
KOA,HI
KOT,AK
KOY,AK
KOZ,AK
KPB,AK
KPC,AK
KPN,AK
KPR,AK
KPT,NV
KPV,AK
KPY,AK
KQA,AK
KSM,AK
KTB,AK
KTH,AK
KTN,AK
KTS,AK
KUK,AK
KVC,AK
KVL,AK
KWF,AK
KWK,AK
KWN,AK
KWP,AK
KWT,AK
KXA,AK
KYK,AK
KYO,FL
KYU,AK
KZB,AK
LAA,CO
LAF,IN
LAL,FL
LAM,NM
LAN,MI
LAR,WY
LAS,NV
LAW,OK
LAX,CA
LBB,TX
LBE,PA
LBF,NE
LBL,KS
LBT,NC
LCH,LA
LCI,NH
LCK,OH
LCQ,FL
LDJ,NJ
LDM,MI
LEB,NH
LEE,FL
LEM,SD
LEW,ME
LEX,KY
LFI,VA
LFK,TX
LFN,NC
LFT,LA
LGA,NY
LGB,CA
LGC,GA
LGD,OR
LGF,AZ
LGU,UT
LHV,PA
LIC,CO
LIH,HI
LIT,AR
LIV,AK
LIY,GA
LIZ,ME
LJN,TX
LKE,WA
LKK,AK
LKP,NY
LKV,OR
LLX,VT
LLY,NJ
LMA,AK
LMS,MS
LMT,OR
LNA,FL
LND,WY
LNI,AK
LNK,NE
LNN,OH
LNP,VA
LNR,WI
LNS,PA
LNY,HI
LOL,NV
LOR,AL
LOT,IL
LOU,KY
LOW,VA
LOZ,KY
LPC,CA
LPO,IN
LPS,WA
LQK,SC
LRD,TX
LRF,AR
LRJ,IA
LRU,NM
LSB,NM
LSE,WI
LSF,GA
LSK,WY
LSN,CA
LSV,NV
LTS,OK
LTW,MD
LUF,AZ
LUK,OH
LUL,MS
LUP,HI
LUR,AK
LVD,AK
LVK,CA
LVL,VA
LVM,MT
LVS,NM
LWB,WV
LWC,KS
LWL,NV
LWM,MA
LWS,ID
LWT,MT
LWV,IL
LXN,NE
LXV,CO
LYH,VA
LYO,KS
LYU,MN
LZU,GA
MAC,GA
MAE,CA
MAF,TX
MAW,MO
MBG,SD
MBL,MI
MBS,MI
MBY,MO
MCB,MS
MCC,CA
MCD,MI
MCE,CA
MCF,FL
MCG,AK
MCI,MO
MCK,NE
MCL,AK
MCN,GA
MCO,FL
MCW,IA
MDA,TX
MDD,TX
MDF,WI
MDH,IL
MDJ,OR
MDN,IN
MDO,AK
MDT,PA
MDW,IL
MEI,MS
MEJ,PA
MEM,TN
MEO,NC
MER,CA
MEV,NV
MFD,OH
MFE,TX
MFH,NV
MFI,WI
MFR,OR
MFV,VA
MGC,IN
MGE,GA
MGI,TX
MGJ,NY
MGM,AL
MGR,GA
MGW,WV
MGY,OH
MHE,SD
MHK,KS
MHL,MO
MHN,NE
MHR,CA
MHS,CA
MHT,NH
MHV,CA
MIA,FL
MIB,ND
MIC,MN
MIE,IN
MIF,TX
MIO,OK
MIQ,NE
MIT,CA
MIV,NJ
MIW,IA
MJQ,MN
MJX,NJ
MKC,MO
MKE,WI
MKG,MI
MKK,HI
MKL,TN
MKO,OK
MKT,MN
MLB,FL
MLC,OK
MLD,ID
MLF,UT
MLI,IL
MLJ,GA
MLK,MT
MLL,AK
MLS,MT
MLT,ME
MLU,LA
MLY,AK
MMH,CA
MMI,TN
MML,MN
MMN,MA
MMS,MS
MMT,SC
MMU,NJ
MNM,MI
MNN,OH
MNT,AK
MNZ,VA
MOB,AL
MOD,CA
MOP,MI
MOR,TN
MOS,AK
MOT,ND
MOU,AK
MOX,MN
MPB,FL
MPJ,AR
MPO,PA
MPR,KS
MPS,TX
MPV,VT
MPZ,IA
MQB,IL
MQT,MI
MQW,GA
MQY,TN
MRB,WV
MRC,TN
MRF,TX
MRI,AK
MRK,FL
MRN,NC
MRY,CA
MSC,AZ
MSL,AL
MSN,WI
MSO,MT
MSP,MN
MSS,NY
MSV,NY
MSY,LA
MTC,MI
MTH,FL
MTJ,CO
MTM,AK
MTN,MD
MTO,IL
MTP,NY
MTW,WI
MTX,AK
MUE,HI
MUI,PA
MUL,GA
MUO,ID
MUT,IA
MVC,AL
MVE,MN
MVL,VT
MVM,AZ
MVN,IL
MVW,WA
MVY,MA
MWA,IL
MWC,WI
MWH,WA
MWL,TX
MWM,MN
MWO,OH
MXA,AR
MXC,UT
MXE,NC
MXF,AL
MXO,IA
MXY,AK
MYF,CA
MYH,AZ
MYK,AK
MYL,ID
MYR,SC
MYU,AK
MYV,CA
MZJ,AZ
MZZ,IN
NBG,LA
NCN,AK
NCO,RI
NEL,NJ
NEN,FL
NEW,LA
NFL,NV
NGF,HI
NGP,TX
NGU,VA
NGW,TX
NHK,MD
NHX,AL
NHZ,ME
NIB,AK
NIN,AK
NIP,FL
NIR,TX
NJK,CA
NKI,AK
NKX,CA
NLC,CA
NLE,MI
NLG,AK
NLN,CA
NME,AK
NNK,AK
NNL,AK
NOT,CA
NPA,FL
NPH,UT
NPT,RI
NQA,TN
NQI,TX
NQX,FL
NRB,FL
NRI,OK
NRS,CA
NSE,FL
NSL,MN
NTD,CA
NTJ,UT
NTU,VA
NUI,AK
NUL,AK
NUP,AK
NUQ,CA
NUW,WA
NVD,MO
NVN,CA
NWH,NH
NYG,VA
NYS,NY
NZY,CA
OAJ,NC
OAK,CA
OAR,CA
OBE,FL
OBU,AK
OCA,FL
OCE,MD
OCF,FL
OCH,TX
OCN,CA
OCW,NC
ODC,CA
ODM,MD
ODT,TX
ODW,WA
OEA,IL
OEO,WI
OFF,NE
OFK,NE
OGA,NE
OGB,SC
OGD,UT
OGG,HI
OGS,NY
OIC,NY
OJC,KS
OKC,OK
OKK,IN
OKM,OK
OKS,NE
OLD,ME
OLE,NY
OLF,MT
OLH,AK
OLM,WA
OLS,AZ
OLU,NE
OLV,MS
OLY,IL
OMA,NE
OME,AK
OMK,WA
ONA,MN
ONH,NY
ONL,NE
ONM,NM
ONO,OR
ONP,OR
ONT,CA
ONY,TX
OOA,IA
OOK,AK
OPF,FL
OPL,LA
ORD,IL
ORF,VA
ORH,MA
ORI,AK
ORL,FL
ORT,AK
ORV,AK
OSB,MO
OSC,MI
OSH,WI
OSU,OH
OSX,MS
OTG,MN
OTH,OR
OTK,OR
OTM,IA
OTN,IN
OTS,WA
OTZ,AK
OUN,OK
OVE,CA
OWA,MN
OWB,KY
OWD,MA
OWK,ME
OXC,CT
OXD,OH
OXR,CA
OZA,TX
OZR,AL
PAE,WA
PAH,KY
PAK,HI
PAM,FL
PAO,CA
PAQ,AK
PBF,AR
PBG,NY
PCA,AK
PCD,WI
PCT,NJ
PCU,MS
PDB,AK
PDK,GA
PDT,OR
PDX,OR
PEC,AK
PEQ,TX
PFC,OR
PGA,AZ
PGC,WV
PGD,FL
PGL,MS
PGM,AK
PGO,CO
PGR,AR
PGS,AZ
PGV,NC
PHD,OH
PHF,VA
PHK,FL
PHL,PA
PHN,MI
PHO,AK
PHP,SD
PHT,TN
PHX,AZ
PIA,IL
PIB,MS
PIE,FL
PIH,ID
PIM,GA
PIP,AK
PIR,SD
PIT,PA
PIZ,AK
PJB,AZ
PKA,AK
PKB,WV
PKD,MN
PKF,WI
PLK,MO
PLN,MI
PLR,AL
PLY,IN
PMB,ND
PMD,CA
PMH,OH
PML,AK
PNC,OK
PNE,PA
PNN,ME
PNS,FL
PNU,UT
PNX,TX
POB,NC
POC,CA
POE,LA
POF,MO
POH,IA
POU,NY
POY,WY
PPA,TX
PPC,AK
PPF,KS
PPM,FL
PPV,AK
PQI,ME
PQS,AK
PRB,CA
PRC,AZ
PRO,IA
PRW,WI
PRX,TX
PRZ,OR
PSB,PA
PSC,WA
PSF,MA
PSG,AK
PSK,VA
PSM,NH
PSN,TX
PSP,CA
PSQ,PA
PSX,TX
PTA,AK
PTB,VA
PTC,AK
PTD,AK
PTH,AK
PTK,MI
PTN,LA
PTS,KS
PTT,KS
PTU,AK
PTV,CA
PTW,PA
PUB,CO
PUC,UT
PUL,WA
PUW,WA
PVC,MA
PVD,RI
PVF,CA
PVL,KY
PVU,UT
PVW,TX
PWA,OK
PWD,MT
PWK,IL
PWM,ME
PWR,AK
PWT,WA
PWY,WY
PXL,AZ
PYL,AK
PYM,MA
PYS,CA
RAC,WI
RAL,CA
RAP,SD
RBD,TX
RBF,CA
RBG,OR
RBK,CA
RBL,CA
RBW,SC
RBY,AK
RCA,SD
RCE,WA
RCK,TX
RCR,IN
RDB,AK
RDD,CA
RDG,PA
RDM,OR
RDR,ND
RDU,NC
RDV,AK
RED,PA
REE,TX
REO,OR
RFD,IL
RFG,TX
RFK,MS
RGR,TX
RHI,WI
RHV,CA
RIC,VA
RID,IN
RIE,WI
RIF,UT
RIL,CO
RIR,CA
RIV,CA
RIW,WY
RKD,ME
RKH,SC
RKP,TX
RKR,OK
RKS,WY
RKW,TN
RLA,MO
RLD,WA
RME,NY
RMG,GA
RMP,AK
RMY,CA
RNC,TN
RND,TX
RNH,WI
RNO,NV
RNT,WA
RNZ,IN
ROA,VA
ROC,NY
ROF,CA
ROG,AR
ROL,UT
ROW,NM
ROX,MN
RPX,MT
RQO,OK
RRL,WI
RRT,MN
RSH,AK
RSJ,WA
RSL,KS
RSN,LA
RST,MN
RSW,FL
RSX,NY
RTL,IA
RTN,NM
RUI,NM
RUT,VT
RVR,UT
RVS,OK
RWF,MN
RWI,NC
RWL,WY
RXE,ID
SAA,WY
SAC,CA
SAD,AZ
SAF,NM
SAN,CA
SAR,IL
SAS,CA
SAT,TX
SAV,GA
SBA,CA
SBD,CA
SBM,WI
SBN,IN
SBO,UT
SBP,CA
SBS,CO
SBX,MT
SBY,MD
SCB,NE
SCC,AK
SCE,PA
SCF,AZ
SCH,NY
SCK,CA
SCM,AK
SDF,KY
SDM,CA
SDP,AK
SDX,AZ
SDY,MT
SEA,WA
SEE,CA
SEF,FL
SEG,PA
SEM,AL
SEP,TX
SER,IN
SFB,FL
SFF,WA
SFM,ME
SFO,CA
SFZ,RI
SGF,MO
SGH,OH
SGR,TX
SGT,AR
SGU,UT
SGW,AK
SGY,AK
SHD,VA
SHG,AK
SHH,AK
SHN,WA
SHR,WY
SHV,LA
SHX,AK
SIK,MO
SIT,AK
SIV,IN
SIY,CA
SJC,CA
SJN,AZ
SJT,TX
SKA,WA
SKF,TX
SKK,AK
SKW,AK
SLB,IA
SLC,UT
SLE,OR
SLG,AR
SLK,NY
SLN,KS
SLO,IL
SLQ,AK
SLR,TX
SLT,CO
SMD,IN
SME,KY
SMF,CA
SMK,AK
SMN,ID
SMO,CA
SMU,AK
SMX,CA
SNA,CA
SNK,TX
SNL,OK
SNP,AK
SNS,CA
SNY,NE
SOL,AK
SOP,NC
SOV,AK
SOW,AZ
SPA,SC
SPF,SD
SPG,FL
SPI,IL
SPQ,CA
SPS,TX
SPW,IA
SPZ,AR
SQA,CA
SQI,IL
SQL,CA
SQV,WA
SRC,AR
SRQ,FL
SRV,AK
SRW,NC
SSC,SC
SSF,TX
SSI,GA
SSW,WA
STC,MN
STE,WI
STG,AK
STJ,MO
STK,CO
STL,MO
STP,MN
STQ,PA
STS,CA
SUA,FL
SUD,OK
SUE,WI
SUM,SC
SUN,ID
SUO,OR
SUS,MO
SUU,CA
SUW,WI
SUX,IA
SVA,AK
SVC,NM
SVE,CA
SVH,NC
SVN,GA
SVS,AK
SVW,AK
SWD,AK
SWF,NY
SWO,OK
SWW,TX
SXP,AK
SXQ,AK
SXY,NY
SYA,AK
SYB,AK
SYI,TN
SYL,CA
SYN,MN
SYR,NY
SYV,GA
SZL,MO
SZN,CA
SZP,CA
TAD,CO
TAL,AK
TBC,AZ
TBN,MO
TBR,GA
TCC,NM
TCL,AL
TCM,WA
TCS,NM
TCT,AK
TDO,WA
TDW,TX
TDZ,OH
TEB,NJ
TEH,AK
TEK,AK
TEX,CO
THA,TN
THM,MT
THP,WY
THV,PA
TIK,OK
TIW,WA
TIX,FL
TKA,AK
TKE,AK
TKF,CA
TKI,AK
TKJ,AK
TKL,AK
TLA,AK
TLF,AK
TLH,FL
TLJ,AK
TLR,CA
TLT,AK
TMA,GA
TMB,FL
TNC,AK
TNK,AK
TNP,CA
TNT,FL
TNU,IA
TOA,CA
TOC,GA
TOG,AK
TOI,AL
TOL,OH
TOP,KS
TOR,WY
TPA,FL
TPF,FL
TPH,NV
TPL,TX
TRH,CA
TRI,TN
TRL,TX
TRM,CA
TRX,MO
TSG,AK
TSM,NM
TSP,CA
TSS,NY
TTD,OR
TTN,NJ
TTO,SD
TUH,TN
TUL,OK
TUP,MS
TUS,AZ
TVC,MI
TVF,MN
TVI,GA
TVL,CA
TWA,AK
TWD,WA
TWE,AK
TWF,ID
TWH,CA
TXK,AR
TYE,AK
TYR,TX
TYS,TN
TYZ,AZ
TZC,MI
UBS,MS
UCC,NV
UCE,LA
UCY,TN
UDD,CA
UES,WI
UGB,AK
UGI,AK
UGN,IL
UGS,AK
UIL,WA
UIN,IL
UKI,CA
UKN,IA
UKT,PA
ULM,MN
UMM,AK
UMT,AK
UMZ,AR
UNK,AK
UNU,WI
UOS,TN
UOX,MS
UPP,HI
USA,NC
USC,SC
UST,FL
UTM,MS
UTO,AK
UUK,AK
UVA,TX
UWA,MA
VAD,GA
VAK,AK
VBG,CA
VCT,TX
VCV,CA
VDI,GA
VDZ,AK
VEE,AK
VEL,UT
VEX,ND
VGT,NV
VHN,TX
VIH,MO
VIS,CA
VJI,VA
VKS,MS
VLA,IL
VLD,GA
VLE,AZ
VNC,FL
VNY,CA
VOK,WI
VPS,FL
VPZ,IN
VQQ,FL
VRB,FL
VRS,MO
VSF,VT
VTN,NE
VYS,IL
WAA,AK
WAH,ND
WAL,VA
WAY,PA
WBB,AK
WBK,MI
WBQ,AK
WBR,MI
WBU,CO
WBW,PA
WCR,AK
WDG,OK
WDN,WA
WDR,GA
WEA,TX
WFB,AK
WFK,ME
WGO,VA
WHD,AK
WHP,CA
WHT,TX
WIB,TX
WJF,CA
WKK,AK
WKL,HI
WLD,KS
WLK,AK
WLR,AK
WLW,CA
WMC,NV
WMH,AR
WMK,AK
WMO,AK
WNA,AK
WOW,AK
WPO,CO
WRB,GA
WRG,AK
WRI,NJ
WRL,WY
WSB,AK
WSF,AK
WSG,PA
WSH,NY
WSM,AK
WSN,AK
WST,RI
WSX,WA
WTK,AK
WTL,AK
WTR,AZ
WVI,CA
WVL,ME
WWA,AK
WWD,NJ
WWP,AK
WWR,OK
WWT,AK
WYB,AK
WYS,MT
XES,WI
XFT,FL
XMD,SD
XNA,AR
XPR,SD
XSD,NV
XWA,ND
YAK,AK
YIP,MI
YKM,WA
YKN,SD
YNG,OH
YUM,AZ
ZNC,AK
ZPH,FL
ZZV,OH
